{
	"credit": "Made with Blockbench",
	"textures": {
		"0": "entity/zombie/zombiep1",
		"1": "entity/zombie/zombiep2",
		"2": "entity/zombie/zombiep3",
		"particle": "entity/zombie/zombiep2"
	},
	"elements": [
		{
			"from": [2, 0, 3],
			"to": [14, 1, 14],
			"faces": {
				"north": {"uv": [7, 6, 7.5, 10.5], "rotation": 90, "texture": "#1"},
				"east": {"uv": [7, 7, 7.5, 11.5], "rotation": 90, "texture": "#1"},
				"south": {"uv": [7, 8, 7.5, 12.5], "rotation": 90, "texture": "#1"},
				"west": {"uv": [7, 8, 7.5, 11.5], "rotation": 90, "texture": "#1"},
				"up": {"uv": [1, 6, 8, 16], "rotation": 90, "texture": "#1"},
				"down": {"uv": [4, 0.5, 8.5, 5], "texture": "#1"}
			}
		},
		{
			"from": [2, 1, 6],
			"to": [6, 2, 10],
			"faces": {
				"north": {"uv": [9, 9, 14, 10], "texture": "#1"},
				"east": {"uv": [9, 1, 14, 2], "texture": "#1"},
				"south": {"uv": [9, 1, 15, 2], "texture": "#1"},
				"west": {"uv": [9, 9, 15, 10], "texture": "#1"},
				"up": {"uv": [1, 0, 7, 6], "texture": "#1"},
				"down": {"uv": [11.5, 5, 14.5, 8], "texture": "#1"}
			}
		},
		{
			"from": [5.5, 2, 8],
			"to": [6.5, 8, 9],
			"faces": {
				"north": {"uv": [1, 8, 2, 15], "texture": "#1"},
				"east": {"uv": [2, 7, 4, 15], "texture": "#1"},
				"south": {"uv": [1, 8, 2, 15], "texture": "#1"},
				"west": {"uv": [0, 0, 1, 6], "texture": "#1"},
				"up": {"uv": [2, 0, 3, 0.5], "texture": "#1"},
				"down": {"uv": [1, 0, 3, 1], "texture": "#1"}
			}
		},
		{
			"from": [9.5, 2, 8],
			"to": [10.5, 8, 9],
			"faces": {
				"north": {"uv": [1, 9, 2, 16], "texture": "#1"},
				"east": {"uv": [0, 0, 1, 6], "texture": "#1"},
				"south": {"uv": [1, 8, 2, 15], "texture": "#1"},
				"west": {"uv": [5, 6, 7, 16], "texture": "#1"},
				"up": {"uv": [2, 0, 3, 0.5], "texture": "#1"},
				"down": {"uv": [2, 0, 5, 1], "texture": "#1"}
			}
		},
		{
			"from": [7.5, 0, 8],
			"to": [8.5, 6, 9],
			"faces": {
				"north": {"uv": [4, 0, 6, 12], "texture": "#0"},
				"east": {"uv": [3, 0, 4, 7.5], "texture": "#0"},
				"south": {"uv": [4, 0, 6, 12], "texture": "#0"},
				"west": {"uv": [10, 1, 11, 4.5], "rotation": 180, "texture": "#0"},
				"up": {"uv": [8, 7, 10, 9], "texture": "#0"},
				"down": {"uv": [0, 0, 1, 1], "texture": "#0"}
			}
		},
		{
			"from": [6.5, 0, 7],
			"to": [9.5, 1.5, 10],
			"faces": {
				"north": {"uv": [5, 5, 6.5, 5.5], "texture": "#1"},
				"east": {"uv": [4, 5, 6, 5.5], "texture": "#1"},
				"south": {"uv": [5, 5, 7, 5.5], "texture": "#1"},
				"west": {"uv": [4, 5, 6, 5.5], "texture": "#1"},
				"up": {"uv": [1, 0, 7, 6], "texture": "#1"},
				"down": {"uv": [9, 6, 11, 8], "texture": "#1"}
			}
		},
		{
			"from": [10, 5, 8],
			"to": [13, 7, 9],
			"faces": {
				"north": {"uv": [2, 1, 8, 5], "texture": "#1"},
				"east": {"uv": [5, 3, 6, 5], "texture": "#1"},
				"south": {"uv": [0, 1, 6, 5], "texture": "#1"},
				"west": {"uv": [0, 0, 1, 2], "texture": "#1"},
				"up": {"uv": [3, 4, 5, 4.5], "texture": "#1"},
				"down": {"uv": [0, 0, 3, 1], "texture": "#1"}
			}
		},
		{
			"from": [10, 5, 7],
			"to": [11, 10, 10],
			"faces": {
				"north": {"uv": [1, 8, 2, 15], "texture": "#1"},
				"east": {"uv": [10, 1, 15, 10], "texture": "#1"},
				"south": {"uv": [1, 8, 2, 15], "texture": "#1"},
				"west": {"uv": [10, 1, 15, 10], "texture": "#1"},
				"up": {"uv": [4, 1, 5, 3], "rotation": 180, "texture": "#1"},
				"down": {"uv": [0, 0, 1, 3], "rotation": 180, "texture": "#1"}
			}
		},
		{
			"from": [10, 2, 7],
			"to": [14, 5, 10],
			"faces": {
				"north": {"uv": [1, 0, 7, 5.5], "texture": "#1"},
				"east": {"uv": [2, 1, 6, 5], "texture": "#1"},
				"south": {"uv": [1, 0, 7, 6], "texture": "#1"},
				"west": {"uv": [2, 1, 6, 5], "texture": "#1"},
				"up": {"uv": [1, 0, 7, 6], "texture": "#1"},
				"down": {"uv": [1, 1, 13, 8], "texture": "#1"}
			}
		},
		{
			"from": [6, 9, 7],
			"to": [7, 10, 10],
			"faces": {
				"north": {"uv": [3, 4, 5, 5], "texture": "#1"},
				"east": {"uv": [10, 9, 13, 10], "texture": "#1"},
				"south": {"uv": [11, 9, 12, 10], "texture": "#1"},
				"west": {"uv": [11.5, 11.5, 14.5, 12.5], "texture": "#1"},
				"up": {"uv": [12, 9, 13, 10], "texture": "#1"},
				"down": {"uv": [2, 7, 3, 10], "texture": "#1"}
			}
		},
		{
			"from": [11, 2.5, 6.5],
			"to": [13, 4.5, 7],
			"faces": {
				"north": {"uv": [1, 0, 7, 6], "texture": "#1"},
				"east": {"uv": [8, 6, 8.5, 8], "texture": "#1"},
				"south": {"uv": [5, 1.5, 7.5, 4], "texture": "#1"},
				"west": {"uv": [6, 6, 8, 6.5], "texture": "#1"},
				"up": {"uv": [7, 6, 8.5, 6.5], "texture": "#1"},
				"down": {"uv": [7, 6, 9, 6.5], "texture": "#1"}
			}
		},
		{
			"from": [11.5, 3, 5],
			"to": [12.5, 4, 6.5],
			"faces": {
				"north": {"uv": [6, 2, 10, 6], "texture": "#2"},
				"east": {"uv": [6, 7, 10, 11], "rotation": 180, "texture": "#2"},
				"south": {"uv": [5, 1.5, 7.5, 4], "texture": "#2"},
				"west": {"uv": [6, 7, 10, 11], "texture": "#2"},
				"up": {"uv": [6, 7, 10, 11], "rotation": 90, "texture": "#2"},
				"down": {"uv": [6, 7, 10, 11], "rotation": 270, "texture": "#2"}
			}
		},
		{
			"from": [10, 1, 6],
			"to": [14, 2, 10],
			"faces": {
				"north": {"uv": [9, 9, 14, 10], "texture": "#1"},
				"east": {"uv": [9, 1, 14, 2], "texture": "#1"},
				"south": {"uv": [9, 1, 15, 2], "texture": "#1"},
				"west": {"uv": [9, 9, 15, 10], "texture": "#1"},
				"up": {"uv": [1, 0, 7, 6], "texture": "#1"},
				"down": {"uv": [11.5, 5, 14.5, 8], "texture": "#1"}
			}
		},
		{
			"from": [2, 2, 7],
			"to": [6, 5, 10],
			"faces": {
				"north": {"uv": [1, 0, 7, 5.5], "texture": "#1"},
				"east": {"uv": [2, 1, 6, 5], "texture": "#1"},
				"south": {"uv": [1, 0, 7, 6], "texture": "#1"},
				"west": {"uv": [2, 1, 6, 5], "texture": "#1"},
				"up": {"uv": [1, 0, 7, 6], "texture": "#1"},
				"down": {"uv": [1, 1, 13, 8], "texture": "#1"}
			}
		},
		{
			"from": [3, 2.5, 10],
			"to": [5, 4.5, 10.5],
			"faces": {
				"north": {"uv": [5, 1.5, 7.5, 4], "rotation": 180, "texture": "#1"},
				"east": {"uv": [8, 6, 8.5, 8], "rotation": 180, "texture": "#1"},
				"south": {"uv": [1, 0, 7, 6], "rotation": 180, "texture": "#1"},
				"west": {"uv": [6, 6, 8, 6.5], "rotation": 180, "texture": "#1"},
				"up": {"uv": [7, 6, 9, 6.5], "texture": "#1"},
				"down": {"uv": [7, 6, 8.5, 6.5], "texture": "#1"}
			}
		},
		{
			"from": [3.5, 3, 10.5],
			"to": [4.5, 4, 12],
			"faces": {
				"north": {"uv": [5, 1.5, 7.5, 4], "rotation": 180, "texture": "#2"},
				"east": {"uv": [6, 7, 10, 11], "texture": "#2"},
				"south": {"uv": [6, 2, 10, 6], "rotation": 180, "texture": "#2"},
				"west": {"uv": [6, 7, 10, 11], "rotation": 180, "texture": "#2"},
				"up": {"uv": [6, 7, 10, 11], "rotation": 270, "texture": "#2"},
				"down": {"uv": [6, 7, 10, 11], "rotation": 90, "texture": "#2"}
			}
		},
		{
			"from": [5, 5, 7],
			"to": [6, 10, 10],
			"faces": {
				"north": {"uv": [1, 8, 2, 15], "texture": "#1"},
				"east": {"uv": [10, 1, 15, 10], "texture": "#1"},
				"south": {"uv": [1, 8, 2, 15], "texture": "#1"},
				"west": {"uv": [10, 1, 15, 10], "texture": "#1"},
				"up": {"uv": [4, 1, 5, 3], "rotation": 180, "texture": "#1"},
				"down": {"uv": [0, 0, 1, 3], "rotation": 180, "texture": "#1"}
			}
		},
		{
			"from": [3, 5, 8],
			"to": [6, 7, 9],
			"faces": {
				"north": {"uv": [0, 1, 6, 5], "texture": "#1"},
				"east": {"uv": [0, 0, 1, 2], "rotation": 180, "texture": "#1"},
				"south": {"uv": [2, 1, 8, 5], "texture": "#1"},
				"west": {"uv": [5, 3, 6, 5], "rotation": 180, "texture": "#1"},
				"up": {"uv": [3, 4, 5, 4.5], "texture": "#1"},
				"down": {"uv": [0, 0, 3, 1], "texture": "#1"}
			}
		},
		{
			"from": [9, 9, 7],
			"to": [10, 10, 10],
			"faces": {
				"north": {"uv": [3, 4, 5, 5], "texture": "#1"},
				"east": {"uv": [10, 9, 13, 10], "texture": "#1"},
				"south": {"uv": [11, 9, 12, 10], "texture": "#1"},
				"west": {"uv": [9, 9, 12, 10], "texture": "#1"},
				"up": {"uv": [12, 9, 13, 10], "texture": "#1"},
				"down": {"uv": [2, 7, 3, 10], "texture": "#1"}
			}
		},
		{
			"from": [11, 2.5, 10],
			"to": [13, 4.5, 10.5],
			"faces": {
				"north": {"uv": [5, 1.5, 7.5, 4], "rotation": 180, "texture": "#1"},
				"east": {"uv": [8, 6, 8.5, 8], "rotation": 180, "texture": "#1"},
				"south": {"uv": [1, 0, 7, 6], "rotation": 180, "texture": "#1"},
				"west": {"uv": [6, 6, 8, 6.5], "rotation": 180, "texture": "#1"},
				"up": {"uv": [7, 6, 9, 6.5], "texture": "#1"},
				"down": {"uv": [7, 6, 8.5, 6.5], "texture": "#1"}
			}
		},
		{
			"from": [11.5, 3, 10.5],
			"to": [12.5, 4, 12],
			"faces": {
				"north": {"uv": [5, 1.5, 7.5, 4], "rotation": 180, "texture": "#2"},
				"east": {"uv": [6, 7, 10, 11], "texture": "#2"},
				"south": {"uv": [6, 2, 10, 6], "rotation": 180, "texture": "#2"},
				"west": {"uv": [6, 7, 10, 11], "rotation": 180, "texture": "#2"},
				"up": {"uv": [6, 7, 10, 11], "rotation": 270, "texture": "#2"},
				"down": {"uv": [6, 7, 10, 11], "rotation": 90, "texture": "#2"}
			}
		},
		{
			"from": [11.5, 3, 5],
			"to": [12.5, 4, 6.5],
			"faces": {
				"north": {"uv": [6, 2, 10, 6], "texture": "#2"},
				"east": {"uv": [6, 7, 10, 11], "rotation": 180, "texture": "#2"},
				"south": {"uv": [5, 1.5, 7.5, 4], "texture": "#2"},
				"west": {"uv": [6, 7, 10, 11], "texture": "#2"},
				"up": {"uv": [6, 7, 10, 11], "rotation": 90, "texture": "#2"},
				"down": {"uv": [6, 7, 10, 11], "rotation": 270, "texture": "#2"}
			}
		},
		{
			"from": [3.5, 3, 5],
			"to": [4.5, 4, 6.5],
			"faces": {
				"north": {"uv": [6, 2, 10, 6], "texture": "#2"},
				"east": {"uv": [6, 7, 10, 11], "rotation": 180, "texture": "#2"},
				"south": {"uv": [5, 1.5, 7.5, 4], "texture": "#2"},
				"west": {"uv": [6, 7, 10, 11], "texture": "#2"},
				"up": {"uv": [6, 7, 10, 11], "rotation": 90, "texture": "#2"},
				"down": {"uv": [6, 7, 10, 11], "rotation": 270, "texture": "#2"}
			}
		},
		{
			"from": [3, 2.5, 6.5],
			"to": [5, 4.5, 7],
			"faces": {
				"north": {"uv": [1, 0, 7, 6], "texture": "#1"},
				"east": {"uv": [8, 6, 8.5, 8], "texture": "#1"},
				"south": {"uv": [5, 1.5, 7.5, 4], "texture": "#1"},
				"west": {"uv": [6, 6, 8, 6.5], "texture": "#1"},
				"up": {"uv": [7, 6, 8.5, 6.5], "texture": "#1"},
				"down": {"uv": [7, 6, 9, 6.5], "texture": "#1"}
			}
		},
		{
			"from": [7, 2, 4],
			"to": [9, 4, 6],
			"faces": {
				"north": {"uv": [1, 0, 7, 5.5], "texture": "#1"},
				"east": {"uv": [2, 1, 6, 5], "texture": "#1"},
				"south": {"uv": [1, 0, 7, 6], "texture": "#1"},
				"west": {"uv": [2, 1, 6, 5], "texture": "#1"},
				"up": {"uv": [1, 0, 7, 6], "texture": "#1"},
				"down": {"uv": [1, 1, 13, 8], "texture": "#1"}
			}
		},
		{
			"from": [6, 1, 3],
			"to": [10, 2, 7],
			"faces": {
				"north": {"uv": [9, 9, 14, 10], "texture": "#1"},
				"east": {"uv": [9, 1, 14, 2], "texture": "#1"},
				"south": {"uv": [9, 1, 15, 2], "texture": "#1"},
				"west": {"uv": [9, 9, 15, 10], "texture": "#1"},
				"up": {"uv": [1, 0, 7, 6], "texture": "#1"},
				"down": {"uv": [11.5, 5, 14.5, 8], "texture": "#1"}
			}
		},
		{
			"from": [7, 2, 11],
			"to": [9, 4, 13],
			"faces": {
				"north": {"uv": [1, 0, 7, 5.5], "texture": "#1"},
				"east": {"uv": [2, 1, 6, 5], "texture": "#1"},
				"south": {"uv": [1, 0, 7, 6], "texture": "#1"},
				"west": {"uv": [2, 1, 6, 5], "texture": "#1"},
				"up": {"uv": [1, 0, 7, 6], "texture": "#1"},
				"down": {"uv": [1, 1, 13, 8], "texture": "#1"}
			}
		},
		{
			"from": [6, 1, 10],
			"to": [10, 2, 14],
			"faces": {
				"north": {"uv": [9, 9, 14, 10], "texture": "#1"},
				"east": {"uv": [9, 1, 14, 2], "texture": "#1"},
				"south": {"uv": [9, 1, 15, 2], "texture": "#1"},
				"west": {"uv": [9, 9, 15, 10], "texture": "#1"},
				"up": {"uv": [1, 0, 7, 6], "texture": "#1"},
				"down": {"uv": [11.5, 5, 14.5, 8], "texture": "#1"}
			}
		},
		{
			"from": [7.5, 3.5, 4.5],
			"to": [8.5, 5, 5.5],
			"faces": {
				"north": {"uv": [6, 7, 10, 11], "rotation": 90, "texture": "#2"},
				"east": {"uv": [6, 7, 10, 11], "rotation": 90, "texture": "#2"},
				"south": {"uv": [6, 7, 10, 11], "rotation": 90, "texture": "#2"},
				"west": {"uv": [6, 7, 10, 11], "rotation": 90, "texture": "#2"},
				"up": {"uv": [6, 2, 10, 6], "rotation": 180, "texture": "#2"},
				"down": {"uv": [5, 1.5, 7.5, 4], "texture": "#2"}
			}
		},
		{
			"from": [7.5, 3.5, 11.5],
			"to": [8.5, 5, 12.5],
			"faces": {
				"north": {"uv": [6, 7, 10, 11], "rotation": 90, "texture": "#2"},
				"east": {"uv": [6, 7, 10, 11], "rotation": 90, "texture": "#2"},
				"south": {"uv": [6, 7, 10, 11], "rotation": 90, "texture": "#2"},
				"west": {"uv": [6, 7, 10, 11], "rotation": 90, "texture": "#2"},
				"up": {"uv": [6, 2, 10, 6], "rotation": 180, "texture": "#2"},
				"down": {"uv": [5, 1.5, 7.5, 4], "texture": "#2"}
			}
		}
	]
}