{
	"credit": "Made with Blockbench",
	"textures": {
		"0": "block/daylight_sensor1",
		"1": "block/daylight_sensor2",
		"particle": "block/daylight_sensor1"
	},
	"elements": [
		{
			"from": [6, 2, 4.5],
			"to": [7, 10, 5.5],
			"faces": {
				"north": {"uv": [1, 0, 2, 7], "texture": "#1"},
				"east": {"uv": [0, 0, 1, 8], "texture": "#1"},
				"south": {"uv": [0, 0, 1, 8], "texture": "#1"},
				"west": {"uv": [0, 0, 1, 8], "texture": "#1"},
				"up": {"uv": [0, 0, 1, 1], "texture": "#1"},
				"down": {"uv": [0, 0, 1, 1], "texture": "#1"}
			}
		},
		{
			"from": [10.5, 2, 9],
			"to": [11.5, 10, 10],
			"faces": {
				"north": {"uv": [0, 0, 1, 8], "texture": "#1"},
				"east": {"uv": [1, 0, 2, 7], "texture": "#1"},
				"south": {"uv": [0, 0, 1, 8], "texture": "#1"},
				"west": {"uv": [0, 0, 1, 8], "texture": "#1"},
				"up": {"uv": [0, 0, 1, 1], "texture": "#1"},
				"down": {"uv": [0, 0, 1, 1], "texture": "#1"}
			}
		},
		{
			"from": [10.5, 2, 6],
			"to": [11.5, 10, 7],
			"faces": {
				"north": {"uv": [0, 0, 1, 8], "texture": "#1"},
				"east": {"uv": [1, 0, 2, 7], "texture": "#1"},
				"south": {"uv": [0, 0, 1, 8], "texture": "#1"},
				"west": {"uv": [0, 0, 1, 8], "texture": "#1"},
				"up": {"uv": [0, 0, 1, 1], "texture": "#1"},
				"down": {"uv": [0, 0, 1, 1], "texture": "#1"}
			}
		},
		{
			"from": [9, 2, 4.5],
			"to": [10, 10, 5.5],
			"faces": {
				"north": {"uv": [1, 0, 2, 7], "texture": "#1"},
				"east": {"uv": [0, 0, 1, 8], "texture": "#1"},
				"south": {"uv": [0, 0, 1, 8], "texture": "#1"},
				"west": {"uv": [0, 0, 1, 8], "texture": "#1"},
				"up": {"uv": [0, 0, 1, 1], "texture": "#1"},
				"down": {"uv": [0, 0, 1, 1], "texture": "#1"}
			}
		},
		{
			"from": [5, 2, 5],
			"to": [11, 10, 11],
			"faces": {
				"north": {"uv": [10, 0, 16, 12], "texture": "#1"},
				"east": {"uv": [10, 0, 16, 12], "texture": "#1"},
				"south": {"uv": [10, 0, 16, 12], "texture": "#1"},
				"west": {"uv": [10, 0, 16, 12], "texture": "#1"},
				"up": {"uv": [0, 0, 6, 6], "texture": "#1"},
				"down": {"uv": [0, 0, 6, 6], "texture": "#1"}
			}
		},
		{
			"from": [4, 1, 4],
			"to": [12, 2, 12],
			"faces": {
				"north": {"uv": [0, 0, 8, 1], "texture": "#0"},
				"east": {"uv": [0, 0, 8, 1], "texture": "#0"},
				"south": {"uv": [0, 0, 8, 1], "texture": "#0"},
				"west": {"uv": [0, 0, 8, 1], "texture": "#0"},
				"up": {"uv": [0, 0, 16, 16], "texture": "#0"},
				"down": {"uv": [0, 0, 8, 8], "texture": "#0"}
			}
		},
		{
			"from": [3, 0, 3],
			"to": [13, 1, 13],
			"faces": {
				"north": {"uv": [0, 0, 10, 1], "texture": "#0"},
				"east": {"uv": [0, 0, 10, 1], "texture": "#0"},
				"south": {"uv": [0, 0, 10, 1], "texture": "#0"},
				"west": {"uv": [0, 0, 10, 1], "texture": "#0"},
				"up": {"uv": [0, 0, 16, 16], "texture": "#0"},
				"down": {"uv": [0, 0, 16, 16], "texture": "#0"}
			}
		},
		{
			"from": [9, 2, 10.5],
			"to": [10, 10, 11.5],
			"faces": {
				"north": {"uv": [0, 0, 1, 8], "texture": "#1"},
				"east": {"uv": [0, 0, 1, 8], "texture": "#1"},
				"south": {"uv": [1, 0, 2, 7], "texture": "#1"},
				"west": {"uv": [0, 0, 1, 8], "texture": "#1"},
				"up": {"uv": [0, 0, 1, 1], "texture": "#1"},
				"down": {"uv": [0, 0, 1, 1], "texture": "#1"}
			}
		},
		{
			"from": [6, 2, 10.5],
			"to": [7, 10, 11.5],
			"faces": {
				"north": {"uv": [0, 0, 1, 8], "texture": "#1"},
				"east": {"uv": [0, 0, 1, 8], "texture": "#1"},
				"south": {"uv": [1, 0, 2, 7], "texture": "#1"},
				"west": {"uv": [0, 0, 1, 8], "texture": "#1"},
				"up": {"uv": [0, 0, 1, 1], "texture": "#1"},
				"down": {"uv": [0, 0, 1, 1], "texture": "#1"}
			}
		},
		{
			"from": [4.5, 2, 9],
			"to": [5.5, 10, 10],
			"faces": {
				"north": {"uv": [0, 0, 1, 8], "texture": "#1"},
				"east": {"uv": [0, 0, 1, 8], "texture": "#1"},
				"south": {"uv": [0, 0, 1, 8], "texture": "#1"},
				"west": {"uv": [1, 0, 2, 7], "texture": "#1"},
				"up": {"uv": [0, 0, 1, 1], "texture": "#1"},
				"down": {"uv": [0, 0, 1, 1], "texture": "#1"}
			}
		},
		{
			"from": [4.5, 2, 6],
			"to": [5.5, 10, 7],
			"faces": {
				"north": {"uv": [0, 0, 1, 8], "texture": "#1"},
				"east": {"uv": [0, 0, 1, 8], "texture": "#1"},
				"south": {"uv": [0, 0, 1, 8], "texture": "#1"},
				"west": {"uv": [1, 0, 2, 7], "texture": "#1"},
				"up": {"uv": [0, 0, 1, 1], "texture": "#1"},
				"down": {"uv": [0, 0, 1, 1], "texture": "#1"}
			}
		},
		{
			"from": [7, 10, 7],
			"to": [9, 13, 9],
			"faces": {
				"north": {"uv": [0, 7, 3, 15], "texture": "#1"},
				"east": {"uv": [0, 7, 3, 15], "texture": "#1"},
				"south": {"uv": [0, 7, 3, 15], "texture": "#1"},
				"west": {"uv": [0, 7, 3, 15], "texture": "#1"},
				"up": {"uv": [0, 8, 3, 11], "texture": "#1"},
				"down": {"uv": [0, 0, 6, 6], "texture": "#1"}
			}
		},
		{
			"from": [7.5, 9.8, 7.5],
			"to": [8.5, 14.8, 8.5],
			"rotation": {"angle": 0, "axis": "z", "origin": [8, 10.3, 8]},
			"faces": {
				"north": {"uv": [4, 0, 6, 7], "texture": "#1"},
				"east": {"uv": [4, 0, 6, 7], "texture": "#1"},
				"south": {"uv": [4, 0, 6, 7], "texture": "#1"},
				"west": {"uv": [4, 0, 6, 7], "texture": "#1"},
				"up": {"uv": [4, 3, 6, 5], "texture": "#1"},
				"down": {"uv": [0, 0, 10, 10], "texture": "#1"}
			}
		},
		{
			"from": [6, 10, 6],
			"to": [10, 10.5, 10],
			"faces": {
				"north": {"uv": [0, 0, 6, 1], "texture": "#0"},
				"east": {"uv": [0, 0, 6, 1], "texture": "#0"},
				"south": {"uv": [0, 0, 6, 1], "texture": "#0"},
				"west": {"uv": [0, 0, 6, 1], "texture": "#0"},
				"up": {"uv": [1, 1, 15, 15], "texture": "#0"},
				"down": {"uv": [0, 0, 6, 6], "texture": "#0"}
			}
		},
		{
			"from": [4.05, 10, 4.05],
			"to": [11.95, 10.3, 11.95],
			"faces": {
				"north": {"uv": [0, 0, 6, 1], "texture": "#0"},
				"east": {"uv": [0, 0, 6, 1], "texture": "#0"},
				"south": {"uv": [0, 0, 6, 1], "texture": "#0"},
				"west": {"uv": [0, 0, 6, 1], "texture": "#0"},
				"up": {"uv": [4, 4, 12, 12], "texture": "#0"},
				"down": {"uv": [0, 0, 6, 6], "texture": "#0"}
			}
		},
		{
			"from": [6, 0, 2],
			"to": [10, 0.5, 14],
			"faces": {
				"north": {"uv": [0, 0, 10, 1], "texture": "#0"},
				"east": {"uv": [0, 0, 10, 1], "texture": "#0"},
				"south": {"uv": [0, 0, 10, 1], "texture": "#0"},
				"west": {"uv": [0, 0, 10, 1], "texture": "#0"},
				"up": {"uv": [0, 0, 1, 3], "texture": "#0"},
				"down": {"uv": [0, 0, 10, 10], "texture": "#0"}
			}
		},
		{
			"from": [2, 0, 6],
			"to": [14, 0.5, 10],
			"faces": {
				"north": {"uv": [0, 0, 10, 1], "texture": "#0"},
				"east": {"uv": [0, 0, 10, 1], "texture": "#0"},
				"south": {"uv": [0, 0, 10, 1], "texture": "#0"},
				"west": {"uv": [0, 0, 10, 1], "texture": "#0"},
				"up": {"uv": [0, 0, 1, 3], "texture": "#0"},
				"down": {"uv": [0, 0, 10, 10], "texture": "#0"}
			}
		},
		{
			"from": [10.5, 7.8, 10.5],
			"to": [11.5, 12.8, 11.5],
			"rotation": {"angle": 0, "axis": "z", "origin": [11, 8.3, 11]},
			"faces": {
				"north": {"uv": [4, 0, 6, 7], "texture": "#1"},
				"east": {"uv": [4, 0, 6, 7], "texture": "#1"},
				"south": {"uv": [4, 0, 6, 7], "texture": "#1"},
				"west": {"uv": [4, 0, 6, 7], "texture": "#1"},
				"up": {"uv": [4, 3, 6, 5], "texture": "#1"},
				"down": {"uv": [0, 0, 10, 10], "texture": "#1"}
			}
		},
		{
			"from": [10.5, 7.8, 4.5],
			"to": [11.5, 12.8, 5.5],
			"rotation": {"angle": 0, "axis": "z", "origin": [11, 8.3, 5]},
			"faces": {
				"north": {"uv": [4, 0, 6, 7], "texture": "#1"},
				"east": {"uv": [4, 0, 6, 7], "texture": "#1"},
				"south": {"uv": [4, 0, 6, 7], "texture": "#1"},
				"west": {"uv": [4, 0, 6, 7], "texture": "#1"},
				"up": {"uv": [4, 3, 6, 5], "texture": "#1"},
				"down": {"uv": [0, 0, 10, 10], "texture": "#1"}
			}
		},
		{
			"from": [4.5, 7.8, 4.5],
			"to": [5.5, 12.8, 5.5],
			"rotation": {"angle": 0, "axis": "z", "origin": [5, 8.3, 5]},
			"faces": {
				"north": {"uv": [4, 0, 6, 7], "texture": "#1"},
				"east": {"uv": [4, 0, 6, 7], "texture": "#1"},
				"south": {"uv": [4, 0, 6, 7], "texture": "#1"},
				"west": {"uv": [4, 0, 6, 7], "texture": "#1"},
				"up": {"uv": [4, 3, 6, 5], "texture": "#1"},
				"down": {"uv": [0, 0, 10, 10], "texture": "#1"}
			}
		},
		{
			"from": [4.5, 7.8, 10.5],
			"to": [5.5, 12.8, 11.5],
			"rotation": {"angle": 0, "axis": "z", "origin": [5, 8.3, 11]},
			"faces": {
				"north": {"uv": [4, 0, 6, 7], "texture": "#1"},
				"east": {"uv": [4, 0, 6, 7], "texture": "#1"},
				"south": {"uv": [4, 0, 6, 7], "texture": "#1"},
				"west": {"uv": [4, 0, 6, 7], "texture": "#1"},
				"up": {"uv": [4, 3, 6, 5], "texture": "#1"},
				"down": {"uv": [0, 0, 10, 10], "texture": "#1"}
			}
		},
		{
			"from": [4, 9, 4],
			"to": [6, 11, 6],
			"faces": {
				"north": {"uv": [0, 7, 3, 15], "texture": "#1"},
				"east": {"uv": [0, 7, 3, 15], "texture": "#1"},
				"south": {"uv": [0, 7, 3, 15], "texture": "#1"},
				"west": {"uv": [0, 7, 3, 15], "texture": "#1"},
				"up": {"uv": [0, 8, 3, 11], "texture": "#1"},
				"down": {"uv": [0, 0, 6, 6], "texture": "#1"}
			}
		},
		{
			"from": [4, 9, 10],
			"to": [6, 11, 12],
			"faces": {
				"north": {"uv": [0, 7, 3, 15], "texture": "#1"},
				"east": {"uv": [0, 7, 3, 15], "texture": "#1"},
				"south": {"uv": [0, 7, 3, 15], "texture": "#1"},
				"west": {"uv": [0, 7, 3, 15], "texture": "#1"},
				"up": {"uv": [0, 8, 3, 11], "texture": "#1"},
				"down": {"uv": [0, 0, 6, 6], "texture": "#1"}
			}
		},
		{
			"from": [10, 9, 10],
			"to": [12, 11, 12],
			"faces": {
				"north": {"uv": [0, 7, 3, 15], "texture": "#1"},
				"east": {"uv": [0, 7, 3, 15], "texture": "#1"},
				"south": {"uv": [0, 7, 3, 15], "texture": "#1"},
				"west": {"uv": [0, 7, 3, 15], "texture": "#1"},
				"up": {"uv": [0, 8, 3, 11], "texture": "#1"},
				"down": {"uv": [0, 0, 6, 6], "texture": "#1"}
			}
		},
		{
			"from": [10, 9, 4],
			"to": [12, 11, 6],
			"faces": {
				"north": {"uv": [0, 7, 3, 15], "texture": "#1"},
				"east": {"uv": [0, 7, 3, 15], "texture": "#1"},
				"south": {"uv": [0, 7, 3, 15], "texture": "#1"},
				"west": {"uv": [0, 7, 3, 15], "texture": "#1"},
				"up": {"uv": [0, 8, 3, 11], "texture": "#1"},
				"down": {"uv": [0, 0, 6, 6], "texture": "#1"}
			}
		},
		{
			"from": [0, 0, 0],
			"to": [16, 0.2, 16],
			"faces": {
				"north": {"uv": [0, 0, 10, 1], "texture": "#0"},
				"east": {"uv": [0, 0, 10, 1], "texture": "#0"},
				"south": {"uv": [0, 0, 10, 1], "texture": "#0"},
				"west": {"uv": [0, 0, 10, 1], "texture": "#0"},
				"up": {"uv": [0, 0, 16, 16], "texture": "#0"},
				"down": {"uv": [0, 0, 16, 16], "texture": "#0"}
			}
		}
	]
}