{
	"credit": "Made with Blockbench, a free, modern block model editor by JannisX11",
	"parent": "block/block",
	"textures": {
		"0": "blocks/enchanting_table_add",
		"top": "blocks/enchanting_table_top",
		"particle": "blocks/enchanting_table_add"
	},
	"elements": [
		{
			"name": "cube",
			"from": [6, 0, 6],
			"to": [10, 1, 10],
			"faces": {
				"north": {"uv": [0, 0, 4, 1], "texture": "#0"},
				"east": {"uv": [0, 0, 4, 1], "texture": "#0"},
				"south": {"uv": [0, 0, 4, 1], "texture": "#0"},
				"west": {"uv": [0, 0, 4, 1], "texture": "#0"},
				"up": {"uv": [5, 5, 11, 11], "texture": "#0"},
				"down": {"uv": [5, 5, 11, 11], "texture": "#0"}
			},
			"type": "cube"
		},
		{
			"name": "cube",
			"from": [7, 1, 7],
			"to": [9, 7, 9],
			"faces": {
				"north": {"uv": [1, 1, 3, 7], "texture": "#top"},
				"east": {"uv": [1, 1, 3, 7], "texture": "#top"},
				"south": {"uv": [1, 1, 3, 7], "texture": "#top"},
				"west": {"uv": [1, 1, 3, 7], "texture": "#top"},
				"up": {"uv": [0, 0, 2, 2], "texture": "#top"},
				"down": {"uv": [0, 0, 2, 2], "texture": "#top"}
			},
			"type": "cube"
		},
		{
			"name": "cube",
			"from": [0, 7, 0],
			"to": [16, 8, 16],
			"faces": {
				"north": {"uv": [0, 0, 16, 1], "texture": "#top"},
				"east": {"uv": [0, 0, 16, 1], "texture": "#top"},
				"south": {"uv": [0, 0, 16, 1], "texture": "#top"},
				"west": {"uv": [0, 0, 16, 1], "texture": "#top"},
				"up": {"uv": [0, 0, 16, 16], "texture": "#top"},
				"down": {"uv": [0, 0, 16, 16], "texture": "#0"}
			},
			"rotation": {
				"origin": [8, 8, 8],
				"axis": "z",
				"angle": 0
			},
			"type": "cube"
		},
		{
			"name": "cube",
			"from": [3, 6, 3],
			"to": [13, 7, 13],
			"faces": {
				"north": {"uv": [0, 0, 10, 1], "texture": "#top"},
				"east": {"uv": [0, 0, 10, 1], "texture": "#top"},
				"south": {"uv": [0, 0, 10, 1], "texture": "#top"},
				"west": {"uv": [0, 0, 10, 1], "texture": "#top"},
				"up": {"uv": [0, 0, 10, 10], "texture": "#top"},
				"down": {"uv": [0, 0, 16, 16], "texture": "#0"}
			},
			"rotation": {
				"origin": [8, 8, 8],
				"axis": "z",
				"angle": 0
			},
			"type": "cube"
		}
	]
}