{
	"credit": "Made with Blockbench",
	"parent": "block/block",
	"textures": {
		"bottom": "block/end_stone",
		"top": "block/end_portal_frame_top",
		"side": "block/end_portal_frame_side",
		"particle": "block/end_portal_frame_side"
	},
	"elements": [
		{
			"from": [0, 0, 0],
			"to": [16, 1, 16],
			"faces": {
				"north": {"uv": [0, 3, 16, 4], "texture": "#side"},
				"east": {"uv": [0, 15, 16, 16], "texture": "#side"},
				"south": {"uv": [0, 15, 16, 16], "texture": "#side"},
				"west": {"uv": [0, 15, 16, 16], "texture": "#side"},
				"up": {"uv": [0, 0, 16, 16], "texture": "#top"},
				"down": {"uv": [0, 3, 16, 16], "texture": "#side"}
			}
		},
		{
			"from": [15, 1, 15],
			"to": [16, 4, 16],
			"rotation": {"angle": 0, "axis": "y", "origin": [9, 1.5, 15.5]},
			"faces": {
				"north": {"uv": [0, 0, 1, 3], "texture": "#top"},
				"east": {"uv": [0, 0, 1, 3], "texture": "#top"},
				"south": {"uv": [0, 0, 1, 3], "texture": "#top"},
				"west": {"uv": [0, 0, 1, 3], "texture": "#top"},
				"up": {"uv": [0, 0, 1, 1], "texture": "#top", "rotation": 270},
				"down": {"uv": [0, 0, 1, 1], "texture": "#top", "rotation": 90}
			}
		},
		{
			"from": [15, 1, 15],
			"to": [16, 4, 16],
			"rotation": {"angle": 0, "axis": "y", "origin": [9, 1.5, 15.5]},
			"faces": {
				"north": {"uv": [0, 0, 1, 3], "texture": "#top"},
				"east": {"uv": [0, 0, 1, 3], "texture": "#top"},
				"south": {"uv": [0, 0, 1, 3], "texture": "#top"},
				"west": {"uv": [0, 0, 1, 3], "texture": "#top"},
				"up": {"uv": [0, 0, 1, 1], "texture": "#top", "rotation": 270},
				"down": {"uv": [0, 0, 1, 1], "texture": "#top", "rotation": 90}
			}
		},
		{
			"from": [0, 1, 15],
			"to": [1, 4, 16],
			"rotation": {"angle": 0, "axis": "y", "origin": [-6, 1.5, 15.5]},
			"faces": {
				"north": {"uv": [0, 0, 1, 3], "texture": "#top"},
				"east": {"uv": [0, 0, 1, 3], "texture": "#top"},
				"south": {"uv": [0, 0, 1, 3], "texture": "#top"},
				"west": {"uv": [0, 0, 1, 3], "texture": "#top"},
				"up": {"uv": [0, 0, 1, 1], "texture": "#top", "rotation": 270},
				"down": {"uv": [0, 0, 1, 1], "texture": "#top", "rotation": 90}
			}
		},
		{
			"from": [2, 1, 15],
			"to": [3, 4, 16],
			"rotation": {"angle": 0, "axis": "y", "origin": [-4, 1.5, 15.5]},
			"faces": {
				"north": {"uv": [0, 0, 1, 3], "texture": "#top"},
				"east": {"uv": [0, 0, 1, 3], "texture": "#top"},
				"south": {"uv": [0, 0, 1, 3], "texture": "#top"},
				"west": {"uv": [0, 0, 1, 3], "texture": "#top"},
				"up": {"uv": [0, 0, 1, 1], "texture": "#top", "rotation": 270},
				"down": {"uv": [0, 0, 1, 1], "texture": "#top", "rotation": 90}
			}
		},
		{
			"from": [13, 1, 15],
			"to": [14, 4, 16],
			"rotation": {"angle": 0, "axis": "y", "origin": [7, 1.5, 15.5]},
			"faces": {
				"north": {"uv": [0, 0, 1, 3], "texture": "#top"},
				"east": {"uv": [0, 0, 1, 3], "texture": "#top"},
				"south": {"uv": [0, 0, 1, 3], "texture": "#top"},
				"west": {"uv": [0, 0, 1, 3], "texture": "#top"},
				"up": {"uv": [0, 0, 1, 1], "texture": "#top", "rotation": 270},
				"down": {"uv": [0, 0, 1, 1], "texture": "#top", "rotation": 90}
			}
		},
		{
			"from": [15, 1, 13],
			"to": [16, 4, 14],
			"rotation": {"angle": 0, "axis": "y", "origin": [9, 1.5, 13.5]},
			"faces": {
				"north": {"uv": [0, 0, 1, 3], "texture": "#top"},
				"east": {"uv": [0, 0, 1, 3], "texture": "#top"},
				"south": {"uv": [0, 0, 1, 3], "texture": "#top"},
				"west": {"uv": [0, 0, 1, 3], "texture": "#top"},
				"up": {"uv": [0, 0, 1, 1], "texture": "#top", "rotation": 270},
				"down": {"uv": [0, 0, 1, 1], "texture": "#top", "rotation": 90}
			}
		},
		{
			"from": [13.3, 6, 2],
			"to": [14, 9, 2.7],
			"rotation": {"angle": 0, "axis": "y", "origin": [7.3, 6.5, 2.5]},
			"faces": {
				"north": {"uv": [15, 15, 16, 16], "texture": "#side"},
				"east": {"uv": [15, 15, 16, 16], "texture": "#side"},
				"south": {"uv": [0, 3, 0.7, 4], "texture": "#side"},
				"west": {"uv": [0, 15, 0.7, 16], "texture": "#side"},
				"up": {"uv": [2, 6, 2.7, 6.7], "texture": "#side", "rotation": 270},
				"down": {"uv": [0, 0, 0.7, 0.7], "texture": "#side", "rotation": 90}
			}
		},
		{
			"from": [15, 1, 2],
			"to": [16, 4, 3],
			"rotation": {"angle": 0, "axis": "y", "origin": [9, 1.5, 2.5]},
			"faces": {
				"north": {"uv": [0, 0, 1, 3], "texture": "#top"},
				"east": {"uv": [0, 0, 1, 3], "texture": "#top"},
				"south": {"uv": [0, 0, 1, 3], "texture": "#top"},
				"west": {"uv": [0, 0, 1, 3], "texture": "#top"},
				"up": {"uv": [0, 0, 1, 1], "texture": "#top", "rotation": 270},
				"down": {"uv": [0, 0, 1, 1], "texture": "#top", "rotation": 90}
			}
		},
		{
			"from": [13, 1, 0],
			"to": [14, 4, 1],
			"rotation": {"angle": 0, "axis": "y", "origin": [7, 1.5, 0.5]},
			"faces": {
				"north": {"uv": [0, 0, 1, 3], "texture": "#top"},
				"east": {"uv": [0, 0, 1, 3], "texture": "#top"},
				"south": {"uv": [0, 0, 1, 3], "texture": "#top"},
				"west": {"uv": [0, 0, 1, 3], "texture": "#top"},
				"up": {"uv": [0, 0, 1, 1], "texture": "#top", "rotation": 270},
				"down": {"uv": [0, 0, 1, 1], "texture": "#top", "rotation": 90}
			}
		},
		{
			"from": [0, 1, 0],
			"to": [1, 4, 1],
			"rotation": {"angle": 0, "axis": "y", "origin": [-6, 1.5, 0.5]},
			"faces": {
				"north": {"uv": [0, 0, 1, 3], "texture": "#top"},
				"east": {"uv": [0, 0, 1, 3], "texture": "#top"},
				"south": {"uv": [0, 0, 1, 3], "texture": "#top"},
				"west": {"uv": [0, 0, 1, 3], "texture": "#top"},
				"up": {"uv": [0, 0, 1, 1], "texture": "#top", "rotation": 270},
				"down": {"uv": [0, 0, 1, 1], "texture": "#top", "rotation": 90}
			}
		},
		{
			"from": [0, 1, 2],
			"to": [1, 4, 3],
			"rotation": {"angle": 0, "axis": "y", "origin": [-6, 1.5, 2.5]},
			"faces": {
				"north": {"uv": [0, 0, 1, 3], "texture": "#top"},
				"east": {"uv": [0, 0, 1, 3], "texture": "#top"},
				"south": {"uv": [0, 0, 1, 3], "texture": "#top"},
				"west": {"uv": [0, 0, 1, 3], "texture": "#top"},
				"up": {"uv": [0, 0, 1, 1], "texture": "#top", "rotation": 270},
				"down": {"uv": [0, 0, 1, 1], "texture": "#top", "rotation": 90}
			}
		},
		{
			"from": [2, 1, 0],
			"to": [3, 4, 1],
			"rotation": {"angle": 0, "axis": "y", "origin": [-4, 1.5, 0.5]},
			"faces": {
				"north": {"uv": [0, 0, 1, 3], "texture": "#top"},
				"east": {"uv": [0, 0, 1, 3], "texture": "#top"},
				"south": {"uv": [0, 0, 1, 3], "texture": "#top"},
				"west": {"uv": [0, 0, 1, 3], "texture": "#top"},
				"up": {"uv": [0, 0, 1, 1], "texture": "#top", "rotation": 270},
				"down": {"uv": [0, 0, 1, 1], "texture": "#top", "rotation": 90}
			}
		},
		{
			"from": [0, 1, 13],
			"to": [1, 4, 14],
			"rotation": {"angle": 0, "axis": "y", "origin": [-6, 1.5, 13.5]},
			"faces": {
				"north": {"uv": [0, 0, 1, 3], "texture": "#top"},
				"east": {"uv": [0, 0, 1, 3], "texture": "#top"},
				"south": {"uv": [0, 0, 1, 3], "texture": "#top"},
				"west": {"uv": [0, 0, 1, 3], "texture": "#top"},
				"up": {"uv": [0, 0, 1, 1], "texture": "#top", "rotation": 270},
				"down": {"uv": [0, 0, 1, 1], "texture": "#top", "rotation": 90}
			}
		},
		{
			"from": [11, 0, 15],
			"to": [12, 3, 16],
			"rotation": {"angle": 0, "axis": "y", "origin": [5, 0.5, 15.5]},
			"faces": {
				"north": {"uv": [0, 0, 1, 3], "texture": "#top"},
				"east": {"uv": [0, 0, 1, 3], "texture": "#top"},
				"south": {"uv": [0, 0, 1, 3], "texture": "#top"},
				"west": {"uv": [0, 0, 1, 3], "texture": "#top"},
				"up": {"uv": [0, 0, 1, 1], "texture": "#top", "rotation": 270},
				"down": {"uv": [0, 0, 1, 1], "texture": "#top", "rotation": 90}
			}
		},
		{
			"from": [4, 0, 15],
			"to": [5, 3, 16],
			"rotation": {"angle": 0, "axis": "y", "origin": [-2, 0.5, 15.5]},
			"faces": {
				"north": {"uv": [0, 0, 1, 3], "texture": "#top"},
				"east": {"uv": [0, 0, 1, 3], "texture": "#top"},
				"south": {"uv": [0, 0, 1, 3], "texture": "#top"},
				"west": {"uv": [0, 0, 1, 3], "texture": "#top"},
				"up": {"uv": [0, 0, 1, 1], "texture": "#top", "rotation": 270},
				"down": {"uv": [0, 0, 1, 1], "texture": "#top", "rotation": 90}
			}
		},
		{
			"from": [4, 0, 0],
			"to": [5, 3, 1],
			"rotation": {"angle": 0, "axis": "y", "origin": [-2, 0.5, 0.5]},
			"faces": {
				"north": {"uv": [0, 0, 1, 3], "texture": "#top"},
				"east": {"uv": [0, 0, 1, 3], "texture": "#top"},
				"south": {"uv": [0, 0, 1, 3], "texture": "#top"},
				"west": {"uv": [0, 0, 1, 3], "texture": "#top"},
				"up": {"uv": [0, 0, 1, 1], "texture": "#top", "rotation": 270},
				"down": {"uv": [0, 0, 1, 1], "texture": "#top", "rotation": 90}
			}
		},
		{
			"from": [11, 0, 0],
			"to": [12, 3, 1],
			"rotation": {"angle": 0, "axis": "y", "origin": [5, 0.5, 0.5]},
			"faces": {
				"north": {"uv": [0, 0, 1, 3], "texture": "#top"},
				"east": {"uv": [0, 0, 1, 3], "texture": "#top"},
				"south": {"uv": [0, 0, 1, 3], "texture": "#top"},
				"west": {"uv": [0, 0, 1, 3], "texture": "#top"},
				"up": {"uv": [0, 0, 1, 1], "texture": "#top", "rotation": 270},
				"down": {"uv": [0, 0, 1, 1], "texture": "#top", "rotation": 90}
			}
		},
		{
			"from": [15, 0, 4],
			"to": [16, 3, 5],
			"rotation": {"angle": 0, "axis": "y", "origin": [9, 0.5, 4.5]},
			"faces": {
				"north": {"uv": [0, 0, 1, 3], "texture": "#top"},
				"east": {"uv": [0, 0, 1, 3], "texture": "#top"},
				"south": {"uv": [0, 0, 1, 3], "texture": "#top"},
				"west": {"uv": [0, 0, 1, 3], "texture": "#top"},
				"up": {"uv": [0, 0, 1, 1], "texture": "#top", "rotation": 270},
				"down": {"uv": [0, 0, 1, 1], "texture": "#top", "rotation": 90}
			}
		},
		{
			"from": [0, 0, 4],
			"to": [1, 3, 5],
			"rotation": {"angle": 0, "axis": "y", "origin": [-6, 0.5, 4.5]},
			"faces": {
				"north": {"uv": [0, 0, 1, 3], "texture": "#top"},
				"east": {"uv": [0, 0, 1, 3], "texture": "#top"},
				"south": {"uv": [0, 0, 1, 3], "texture": "#top"},
				"west": {"uv": [0, 0, 1, 3], "texture": "#top"},
				"up": {"uv": [0, 0, 1, 1], "texture": "#top", "rotation": 270},
				"down": {"uv": [0, 0, 1, 1], "texture": "#top", "rotation": 90}
			}
		},
		{
			"from": [0, 0, 11],
			"to": [1, 3, 12],
			"rotation": {"angle": 0, "axis": "y", "origin": [-6, 0.5, 11.5]},
			"faces": {
				"north": {"uv": [0, 0, 1, 3], "texture": "#top"},
				"east": {"uv": [0, 0, 1, 3], "texture": "#top"},
				"south": {"uv": [0, 0, 1, 3], "texture": "#top"},
				"west": {"uv": [0, 0, 1, 3], "texture": "#top"},
				"up": {"uv": [0, 0, 1, 1], "texture": "#top", "rotation": 270},
				"down": {"uv": [0, 0, 1, 1], "texture": "#top", "rotation": 90}
			}
		},
		{
			"from": [2, 1, 2],
			"to": [14, 6, 14],
			"faces": {
				"north": {"uv": [0, 3, 16, 4], "texture": "#side"},
				"east": {"uv": [0, 15, 16, 16], "texture": "#side"},
				"south": {"uv": [0, 15, 16, 16], "texture": "#side"},
				"west": {"uv": [0, 15, 16, 16], "texture": "#side"},
				"up": {"uv": [0, 0, 16, 16], "texture": "#top"},
				"down": {"uv": [0, 0, 16, 16], "texture": "#side"}
			}
		},
		{
			"from": [15, 1, 0],
			"to": [16, 4, 1],
			"rotation": {"angle": 0, "axis": "y", "origin": [9, 1.5, 0.5]},
			"faces": {
				"north": {"uv": [0, 0, 1, 3], "texture": "#top"},
				"east": {"uv": [0, 0, 1, 3], "texture": "#top"},
				"south": {"uv": [0, 0, 1, 3], "texture": "#top"},
				"west": {"uv": [0, 0, 1, 3], "texture": "#top"},
				"up": {"uv": [0, 0, 1, 1], "texture": "#top", "rotation": 270},
				"down": {"uv": [0, 0, 1, 1], "texture": "#top", "rotation": 90}
			}
		},
		{
			"from": [2, 6, 2],
			"to": [2.7, 9, 2.7],
			"rotation": {"angle": 0, "axis": "y", "origin": [-4, 6.5, 2.5]},
			"faces": {
				"north": {"uv": [15, 15, 16, 16], "texture": "#side"},
				"east": {"uv": [15, 15, 16, 16], "texture": "#side"},
				"south": {"uv": [0, 3, 0.7, 4], "texture": "#side"},
				"west": {"uv": [0, 15, 0.7, 16], "texture": "#side"},
				"up": {"uv": [2, 6, 2.7, 6.7], "texture": "#side", "rotation": 270},
				"down": {"uv": [0, 0, 0.7, 0.7], "texture": "#side", "rotation": 90}
			}
		},
		{
			"from": [2, 6, 13.3],
			"to": [2.7, 9, 14],
			"rotation": {"angle": 0, "axis": "y", "origin": [-4, 6.5, 13.8]},
			"faces": {
				"north": {"uv": [15, 15, 16, 16], "texture": "#side"},
				"east": {"uv": [15, 15, 16, 16], "texture": "#side"},
				"south": {"uv": [0, 3, 0.7, 4], "texture": "#side"},
				"west": {"uv": [0, 15, 0.7, 16], "texture": "#side"},
				"up": {"uv": [2, 6, 2.7, 6.7], "texture": "#side", "rotation": 270},
				"down": {"uv": [0, 0, 0.7, 0.7], "texture": "#side", "rotation": 90}
			}
		},
		{
			"from": [12.3, 6, 13.3],
			"to": [13, 8, 14],
			"rotation": {"angle": 0, "axis": "y", "origin": [6.3, 6.5, 13.8]},
			"faces": {
				"north": {"uv": [15, 15, 16, 16], "texture": "#side"},
				"east": {"uv": [15, 15, 16, 16], "texture": "#side"},
				"south": {"uv": [0, 3, 0.7, 4], "texture": "#side"},
				"west": {"uv": [0, 15, 0.7, 16], "texture": "#side"},
				"up": {"uv": [2, 6, 2.7, 6.7], "texture": "#side", "rotation": 270},
				"down": {"uv": [0, 0, 0.7, 0.7], "texture": "#side", "rotation": 90}
			}
		},
		{
			"from": [15, 0, 11],
			"to": [16, 3, 12],
			"rotation": {"angle": 0, "axis": "y", "origin": [9, 0.5, 11.5]},
			"faces": {
				"north": {"uv": [0, 0, 1, 3], "texture": "#top"},
				"east": {"uv": [0, 0, 1, 3], "texture": "#top"},
				"south": {"uv": [0, 0, 1, 3], "texture": "#top"},
				"west": {"uv": [0, 0, 1, 3], "texture": "#top"},
				"up": {"uv": [0, 0, 1, 1], "texture": "#top", "rotation": 270},
				"down": {"uv": [0, 0, 1, 1], "texture": "#top", "rotation": 90}
			}
		},
		{
			"from": [13.5, 0, 4],
			"to": [14.5, 5, 12],
			"rotation": {"angle": 0, "axis": "y", "origin": [7.5, 0.5, 11.5]},
			"faces": {
				"north": {"uv": [0, 0, 1, 5], "texture": "#bottom"},
				"east": {"uv": [2, 2, 14, 8], "texture": "#bottom"},
				"south": {"uv": [0, 0, 1, 5], "texture": "#bottom"},
				"west": {"uv": [0, 0, 8, 5], "texture": "#bottom"},
				"up": {"uv": [0, 0, 8, 1], "texture": "#bottom", "rotation": 270},
				"down": {"uv": [0, 0, 8, 1], "texture": "#bottom", "rotation": 90}
			}
		},
		{
			"from": [1.5, 0, 4],
			"to": [2.5, 5, 12],
			"rotation": {"angle": 0, "axis": "y", "origin": [-4.5, 0.5, 11.5]},
			"faces": {
				"north": {"uv": [0, 0, 1, 5], "texture": "#bottom"},
				"east": {"uv": [2, 2, 14, 8], "texture": "#bottom"},
				"south": {"uv": [0, 0, 1, 5], "texture": "#bottom"},
				"west": {"uv": [2, 2, 14, 7], "texture": "#bottom"},
				"up": {"uv": [0, 0, 8, 1], "texture": "#bottom", "rotation": 270},
				"down": {"uv": [0, 0, 8, 1], "texture": "#bottom", "rotation": 90}
			}
		},
		{
			"from": [4, 0, 1.5],
			"to": [12, 5, 2.5],
			"rotation": {"angle": 0, "axis": "y", "origin": [4.5, 0.5, -4.5]},
			"faces": {
				"north": {"uv": [2, 2, 14, 7], "texture": "#bottom"},
				"east": {"uv": [0, 0, 1, 5], "texture": "#bottom"},
				"south": {"uv": [2, 2, 14, 8], "texture": "#bottom"},
				"west": {"uv": [0, 0, 1, 5], "texture": "#bottom"},
				"up": {"uv": [0, 0, 8, 1], "texture": "#bottom"},
				"down": {"uv": [0, 0, 8, 1], "texture": "#bottom"}
			}
		},
		{
			"from": [4, 0, 13.5],
			"to": [12, 5, 14.5],
			"rotation": {"angle": 0, "axis": "y", "origin": [4.5, 0.5, 7.5]},
			"faces": {
				"north": {"uv": [2, 2, 14, 7], "texture": "#bottom"},
				"east": {"uv": [0, 0, 1, 5], "texture": "#bottom"},
				"south": {"uv": [2, 2, 14, 8], "texture": "#bottom"},
				"west": {"uv": [0, 0, 1, 5], "texture": "#bottom"},
				"up": {"uv": [0, 0, 8, 1], "texture": "#bottom"},
				"down": {"uv": [0, 0, 8, 1], "texture": "#bottom"}
			}
		},
		{
			"from": [13.3, 6, 13.3],
			"to": [14, 9, 14],
			"rotation": {"angle": 0, "axis": "y", "origin": [7.3, 6.5, 13.8]},
			"faces": {
				"north": {"uv": [15, 15, 16, 16], "texture": "#side"},
				"east": {"uv": [15, 15, 16, 16], "texture": "#side"},
				"south": {"uv": [0, 3, 0.7, 4], "texture": "#side"},
				"west": {"uv": [0, 15, 0.7, 16], "texture": "#side"},
				"up": {"uv": [2, 6, 2.7, 6.7], "texture": "#side", "rotation": 270},
				"down": {"uv": [0, 0, 0.7, 0.7], "texture": "#side", "rotation": 90}
			}
		},
		{
			"from": [13.3, 6, 12.3],
			"to": [14, 8, 13],
			"rotation": {"angle": 0, "axis": "y", "origin": [7.3, 6.5, 12.8]},
			"faces": {
				"north": {"uv": [15, 15, 16, 16], "texture": "#side"},
				"east": {"uv": [15, 15, 16, 16], "texture": "#side"},
				"south": {"uv": [0, 3, 0.7, 4], "texture": "#side"},
				"west": {"uv": [0, 15, 0.7, 16], "texture": "#side"},
				"up": {"uv": [2, 6, 2.7, 6.7], "texture": "#side", "rotation": 270},
				"down": {"uv": [0, 0, 0.7, 0.7], "texture": "#side", "rotation": 90}
			}
		},
		{
			"from": [13.3, 6, 3],
			"to": [14, 8, 3.7],
			"rotation": {"angle": 0, "axis": "y", "origin": [7.3, 6.5, 3.5]},
			"faces": {
				"north": {"uv": [15, 15, 16, 16], "texture": "#side"},
				"east": {"uv": [15, 15, 16, 16], "texture": "#side"},
				"south": {"uv": [0, 3, 0.7, 4], "texture": "#side"},
				"west": {"uv": [0, 15, 0.7, 16], "texture": "#side"},
				"up": {"uv": [2, 6, 2.7, 6.7], "texture": "#side", "rotation": 270},
				"down": {"uv": [0, 0, 0.7, 0.7], "texture": "#side", "rotation": 90}
			}
		},
		{
			"from": [12.3, 6, 2],
			"to": [13, 8, 2.7],
			"rotation": {"angle": 0, "axis": "y", "origin": [6.3, 6.5, 2.5]},
			"faces": {
				"north": {"uv": [15, 15, 16, 16], "texture": "#side"},
				"east": {"uv": [15, 15, 16, 16], "texture": "#side"},
				"south": {"uv": [0, 3, 0.7, 4], "texture": "#side"},
				"west": {"uv": [0, 15, 0.7, 16], "texture": "#side"},
				"up": {"uv": [2, 6, 2.7, 6.7], "texture": "#side", "rotation": 270},
				"down": {"uv": [0, 0, 0.7, 0.7], "texture": "#side", "rotation": 90}
			}
		},
		{
			"from": [3, 6, 2],
			"to": [3.7, 8, 2.7],
			"rotation": {"angle": 0, "axis": "y", "origin": [-3, 6.5, 2.5]},
			"faces": {
				"north": {"uv": [15, 15, 16, 16], "texture": "#side"},
				"east": {"uv": [15, 15, 16, 16], "texture": "#side"},
				"south": {"uv": [0, 3, 0.7, 4], "texture": "#side"},
				"west": {"uv": [0, 15, 0.7, 16], "texture": "#side"},
				"up": {"uv": [2, 6, 2.7, 6.7], "texture": "#side", "rotation": 270},
				"down": {"uv": [0, 0, 0.7, 0.7], "texture": "#side", "rotation": 90}
			}
		},
		{
			"from": [3, 6, 13.3],
			"to": [3.7, 8, 14],
			"rotation": {"angle": 0, "axis": "y", "origin": [-3, 6.5, 13.8]},
			"faces": {
				"north": {"uv": [15, 15, 16, 16], "texture": "#side"},
				"east": {"uv": [15, 15, 16, 16], "texture": "#side"},
				"south": {"uv": [0, 3, 0.7, 4], "texture": "#side"},
				"west": {"uv": [0, 15, 0.7, 16], "texture": "#side"},
				"up": {"uv": [2, 6, 2.7, 6.7], "texture": "#side", "rotation": 270},
				"down": {"uv": [0, 0, 0.7, 0.7], "texture": "#side", "rotation": 90}
			}
		},
		{
			"from": [2, 6, 12.3],
			"to": [2.7, 8, 13],
			"rotation": {"angle": 0, "axis": "y", "origin": [-4, 6.5, 12.8]},
			"faces": {
				"north": {"uv": [15, 15, 16, 16], "texture": "#side"},
				"east": {"uv": [15, 15, 16, 16], "texture": "#side"},
				"south": {"uv": [0, 3, 0.7, 4], "texture": "#side"},
				"west": {"uv": [0, 15, 0.7, 16], "texture": "#side"},
				"up": {"uv": [2, 6, 2.7, 6.7], "texture": "#side", "rotation": 270},
				"down": {"uv": [0, 0, 0.7, 0.7], "texture": "#side", "rotation": 90}
			}
		},
		{
			"from": [2, 6, 3],
			"to": [2.7, 8, 3.7],
			"rotation": {"angle": 0, "axis": "y", "origin": [-4, 6.5, 3.5]},
			"faces": {
				"north": {"uv": [15, 15, 16, 16], "texture": "#side"},
				"east": {"uv": [15, 15, 16, 16], "texture": "#side"},
				"south": {"uv": [0, 3, 0.7, 4], "texture": "#side"},
				"west": {"uv": [0, 15, 0.7, 16], "texture": "#side"},
				"up": {"uv": [2, 6, 2.7, 6.7], "texture": "#side", "rotation": 270},
				"down": {"uv": [0, 0, 0.7, 0.7], "texture": "#side", "rotation": 90}
			}
		},
		{
			"from": [3.5, 6, 3.5],
			"to": [12.5, 7, 12.5],
			"faces": {
				"north": {"uv": [0, 3, 16, 4], "texture": "#side"},
				"east": {"uv": [0, 15, 16, 16], "texture": "#side"},
				"south": {"uv": [0, 15, 16, 16], "texture": "#side"},
				"west": {"uv": [0, 15, 16, 16], "texture": "#side"},
				"up": {"uv": [0, 0, 16, 16], "texture": "#top"},
				"down": {"uv": [0, 0, 16, 16], "texture": "#side"}
			}
		}
	]
}