{
	"credit": "Made with Blockbench, a free, modern block model editor by JannisX11",
	"textures": {
		"0": "block/oak_sapling",
		"particle": "block/oak_sapling"
	},
	"elements": [
		{
			"name": "cube",
			"from": [13, 1, 3],
			"to": [14, 2, 13],
			"faces": {
				"north": {"uv": [4, 8, 5, 9], "texture": "#0"},
				"east": {"uv": [12, 8, 16, 9], "texture": "#0"},
				"south": {"uv": [4, 8, 5, 9], "texture": "#0"},
				"west": {"uv": [12, 8, 16, 9], "texture": "#0"},
				"up": {"uv": [12, 8, 13, 12], "texture": "#0"},
				"down": {"uv": [0, 0, 1, 10], "texture": "#0"}
			},
			"type": "cube"
		},
		{
			"name": "cube",
			"from": [2, 0, 2],
			"to": [14, 1, 14],
			"faces": {
				"north": {"uv": [12, 8, 16, 9], "texture": "#0"},
				"east": {"uv": [12, 9, 16, 10], "texture": "#0"},
				"south": {"uv": [14, 8, 16, 10], "texture": "#0"},
				"west": {"uv": [12, 8, 16, 9], "texture": "#0"},
				"up": {"uv": [15, 11, 16, 12], "texture": "#0"},
				"down": {"uv": [12, 8, 16, 12], "texture": "#0"}
			},
			"type": "cube"
		},
		{
			"name": "cube",
			"from": [2, 1, 2],
			"to": [14, 2, 3],
			"faces": {
				"north": {"uv": [12, 8, 16, 9], "texture": "#0"},
				"east": {"uv": [13, 8, 14, 12], "texture": "#0"},
				"south": {"uv": [14, 8, 16, 9], "texture": "#0"},
				"west": {"uv": [13, 8, 16, 11], "texture": "#0"},
				"up": {"uv": [12, 9, 16, 10], "texture": "#0"},
				"down": {"uv": [0, 0, 12, 1], "texture": "#0"}
			},
			"type": "cube"
		},
		{
			"name": "cube",
			"from": [2, 1, 13],
			"to": [14, 2, 14],
			"faces": {
				"north": {"uv": [14, 8, 16, 10], "texture": "#0"},
				"east": {"uv": [13, 8, 14, 9], "texture": "#0"},
				"south": {"uv": [12, 8, 16, 10], "texture": "#0"},
				"west": {"uv": [13, 8, 14, 9], "texture": "#0"},
				"up": {"uv": [13, 9, 16, 10], "texture": "#0"},
				"down": {"uv": [0, 0, 12, 1], "texture": "#0"}
			},
			"type": "cube"
		},
		{
			"name": "cube",
			"from": [2, 1, 3],
			"to": [3, 2, 13],
			"faces": {
				"north": {"uv": [4, 8, 5, 9], "texture": "#0"},
				"east": {"uv": [13, 8, 16, 9], "texture": "#0"},
				"south": {"uv": [4, 8, 5, 9], "texture": "#0"},
				"west": {"uv": [12, 8, 16, 9], "texture": "#0"},
				"up": {"uv": [12, 8, 13, 11], "texture": "#0"},
				"down": {"uv": [0, 0, 1, 10], "texture": "#0"}
			},
			"type": "cube"
		},
		{
			"name": "cube",
			"from": [2, 2, 3],
			"to": [3, 3, 13],
			"faces": {
				"north": {"uv": [4, 8, 5, 9], "texture": "#0"},
				"east": {"uv": [12, 12, 16, 14], "texture": "#0"},
				"south": {"uv": [4, 8, 5, 9], "texture": "#0"},
				"west": {"uv": [12, 13, 16, 14], "texture": "#0"},
				"up": {"uv": [12, 12, 14, 16], "texture": "#0"},
				"down": {"uv": [0, 0, 1, 10], "texture": "#0"}
			},
			"type": "cube"
		},
		{
			"name": "cube",
			"from": [2, 2, 13],
			"to": [14, 3, 14],
			"faces": {
				"north": {"uv": [12, 12, 16, 13], "texture": "#0"},
				"east": {"uv": [13, 12, 15, 14], "texture": "#0"},
				"south": {"uv": [12, 12, 16, 13], "texture": "#0"},
				"west": {"uv": [13, 12, 15, 14], "texture": "#0"},
				"up": {"uv": [12, 13, 16, 14], "texture": "#0"},
				"down": {"uv": [0, 0, 12, 1], "texture": "#0"}
			},
			"type": "cube"
		},
		{
			"name": "cube",
			"from": [13, 2, 3],
			"to": [14, 3, 13],
			"faces": {
				"north": {"uv": [4, 8, 5, 9], "texture": "#0"},
				"east": {"uv": [12, 12, 16, 13], "texture": "#0"},
				"south": {"uv": [4, 8, 5, 9], "texture": "#0"},
				"west": {"uv": [12, 12, 16, 13], "texture": "#0"},
				"up": {"uv": [12, 12, 13, 16], "texture": "#0"},
				"down": {"uv": [0, 0, 1, 10], "texture": "#0"}
			},
			"type": "cube"
		},
		{
			"name": "cube",
			"from": [2, 2, 2],
			"to": [14, 3, 3],
			"faces": {
				"north": {"uv": [12, 12, 16, 13], "texture": "#0"},
				"east": {"uv": [13, 12, 15, 14], "texture": "#0"},
				"south": {"uv": [14, 13, 16, 16], "texture": "#0"},
				"west": {"uv": [13, 12, 15, 14], "texture": "#0"},
				"up": {"uv": [13, 12, 16, 14], "texture": "#0"},
				"down": {"uv": [0, 0, 12, 1], "texture": "#0"}
			},
			"type": "cube"
		},
		{
			"name": "cube",
			"from": [3, 1, 3],
			"to": [13, 2, 13],
			"faces": {
				"north": {"uv": [0, 0, 10, 1], "texture": "#0"},
				"east": {"uv": [0, 0, 10, 1], "texture": "#0"},
				"south": {"uv": [0, 0, 10, 1], "texture": "#0"},
				"west": {"uv": [0, 0, 10, 1], "texture": "#0"},
				"up": {"uv": [3, 8, 8, 12], "texture": "#0"},
				"down": {"uv": [0, 0, 10, 10], "texture": "#0"}
			},
			"type": "cube"
		},
		{
			"name": "cube",
			"from": [7, 1.5, 7],
			"to": [8, 2.5, 10],
			"faces": {
				"north": {"uv": [0, 12, 2, 14], "texture": "#0"},
				"east": {"uv": [0, 12, 3, 13], "texture": "#0"},
				"south": {"uv": [1, 12, 2, 14], "texture": "#0"},
				"west": {"uv": [0, 12, 3, 13], "texture": "#0"},
				"up": {"uv": [0, 5, 1, 8], "texture": "#0"},
				"down": {"uv": [0, 0, 1, 3], "texture": "#0"}
			},
			"type": "cube"
		},
		{
			"name": "cube",
			"from": [8, 1.5, 7],
			"to": [9, 2.5, 9],
			"faces": {
				"north": {"uv": [0, 12, 1, 13], "texture": "#0"},
				"east": {"uv": [0, 12, 2, 13], "texture": "#0"},
				"south": {"uv": [1, 12, 2, 13], "texture": "#0"},
				"west": {"uv": [0, 12, 2, 13], "texture": "#0"},
				"up": {"uv": [0, 12, 1, 14], "texture": "#0"},
				"down": {"uv": [0, 0, 1, 2], "texture": "#0"}
			},
			"type": "cube"
		},
		{
			"name": "cube",
			"from": [7, 2.5, 8],
			"to": [8, 4.5, 9],
			"faces": {
				"north": {"uv": [0, 12, 1, 14], "texture": "#0"},
				"east": {"uv": [0, 12, 1, 14], "texture": "#0"},
				"south": {"uv": [1, 12, 2, 14], "texture": "#0"},
				"west": {"uv": [0, 12, 1, 14], "texture": "#0"},
				"up": {"uv": [0, 10, 1, 12], "texture": "#0"},
				"down": {"uv": [0, 0, 1, 1], "texture": "#0"}
			},
			"type": "cube"
		},
		{
			"name": "cube",
			"from": [8, 3.5, 8],
			"to": [9, 6.5, 9],
			"faces": {
				"north": {"uv": [0, 10, 1, 13], "texture": "#0"},
				"east": {"uv": [0, 10, 1, 13], "texture": "#0"},
				"south": {"uv": [1, 10, 2, 13], "texture": "#0"},
				"west": {"uv": [0, 10, 1, 13], "texture": "#0"},
				"up": {"uv": [0, 12, 1, 13], "texture": "#0"},
				"down": {"uv": [0, 0, 1, 1], "texture": "#0"}
			},
			"type": "cube"
		},
		{
			"name": "cube",
			"from": [8, 5.5, 7],
			"to": [9, 8.5, 8],
			"faces": {
				"north": {"uv": [0, 7, 1, 10], "texture": "#0"},
				"east": {"uv": [0, 6, 1, 9], "texture": "#0"},
				"south": {"uv": [1, 7, 2, 10], "texture": "#0"},
				"west": {"uv": [0, 7, 1, 10], "texture": "#0"},
				"up": {"uv": [0, 12, 1, 13], "texture": "#0"},
				"down": {"uv": [0, 0, 1, 1], "texture": "#0"}
			},
			"type": "cube"
		},
		{
			"name": "cube",
			"from": [6, 1.5, 7],
			"to": [7, 2.5, 10],
			"faces": {
				"north": {"uv": [0, 12, 1, 13], "texture": "#0"},
				"east": {"uv": [0, 12, 3, 13], "texture": "#0"},
				"south": {"uv": [1, 12, 2, 13], "texture": "#0"},
				"west": {"uv": [0, 12, 3, 13], "texture": "#0"},
				"up": {"uv": [0, 12, 1, 15], "texture": "#0"},
				"down": {"uv": [0, 0, 1, 3], "texture": "#0"}
			},
			"type": "cube"
		},
		{
			"name": "cube",
			"from": [7, 8, 5],
			"to": [12, 9, 11],
			"faces": {
				"north": {"uv": [6, 12, 10, 13], "texture": "#0"},
				"east": {"uv": [6, 12, 10, 13], "texture": "#0"},
				"south": {"uv": [6, 12, 10, 13], "texture": "#0"},
				"west": {"uv": [6, 12, 10, 13], "texture": "#0"},
				"up": {"uv": [4, 12, 8, 16], "texture": "#0"},
				"down": {"uv": [4, 12, 8, 16], "texture": "#0"}
			},
			"type": "cube"
		},
		{
			"name": "cube",
			"from": [8, 9, 6],
			"to": [11, 10, 10],
			"faces": {
				"north": {"uv": [9, 14, 12, 15], "texture": "#0"},
				"east": {"uv": [6, 12, 10, 13], "texture": "#0"},
				"south": {"uv": [8, 12, 11, 13], "texture": "#0"},
				"west": {"uv": [6, 12, 10, 13], "texture": "#0"},
				"up": {"uv": [5, 12, 8, 16], "texture": "#0"},
				"down": {"uv": [4, 10, 7, 14], "texture": "#0"}
			},
			"type": "cube"
		}
	],
	"groups": [
		{
			"name": "pot",
			"isOpen": true,
			"display": {"visibility": true, "autouv": true},
			"children": [0, 1, 2, 3, 4, 5, 6, 7, 8, 9]
		},
		{
			"name": "tree",
			"isOpen": true,
			"display": {"visibility": true, "autouv": true},
			"children": [10, 11, 12, 13, 14, 15]
		},
		16,
		17
	]
}