{
	"credit": "Made with Blockbench",
	"textures": {
		"1": "block/tnt",
		"2": "block/daylight_sensor1",
		"3": "block/tnt2",
		"4": "block/tnt3"
	},
	"elements": [
		{
			"name": "cube",
			"from": [0, 0, 0],
			"to": [16, 1, 16],
			"faces": {
				"north": {"uv": [0, 15, 16, 16], "texture": "#2"},
				"east": {"uv": [0, 15, 16, 16], "texture": "#2"},
				"south": {"uv": [0, 15, 16, 16], "texture": "#2"},
				"west": {"uv": [0, 15, 16, 16], "texture": "#2"},
				"up": {"uv": [0, 0, 16, 16], "texture": "#2"},
				"down": {"uv": [0, 0, 16, 16], "texture": "#2"}
			}
		},
		{
			"name": "cube",
			"from": [1, 1, 15.100000000000001],
			"to": [15, 16, 16.1],
			"faces": {
				"north": {"uv": [0, 0, 16, 16], "texture": "#2"},
				"east": {"uv": [10, 0, 16, 6], "texture": "#1"},
				"south": {"uv": [0, 0, 16, 16], "texture": "#1"},
				"west": {"uv": [10, 0, 16, 6], "texture": "#1"},
				"up": {"uv": [0, 0, 16, 1], "texture": "#1"},
				"down": {"uv": [10, 0, 16, 6], "texture": "#1"}
			}
		},
		{
			"name": "cube",
			"from": [15, 1, 0],
			"to": [16, 16, 16],
			"rotation": {
				"angle": 0,
				"axis": "y",
				"origin": [15.5, 8, 8]
			},
			"faces": {
				"north": {
					"uv": [0, 15, 16, 16],
					"texture": "#1",
					"rotation": 90
				},
				"east": {"uv": [0, 0, 16, 16], "texture": "#1"},
				"south": {"uv": [0, 15, 16, 16], "texture": "#1"},
				"west": {"uv": [0, 0, 16, 16], "texture": "#2"},
				"up": {
					"uv": [0, 15, 16, 16],
					"texture": "#1",
					"rotation": 270
				},
				"down": {
					"uv": [0, 0, 16, 16],
					"texture": "#1",
					"rotation": 90
				}
			}
		},
		{
			"name": "cube",
			"from": [0, 1, 0],
			"to": [1, 16, 16],
			"rotation": {
				"angle": 0,
				"axis": "y",
				"origin": [0.5, 8, 8]
			},
			"faces": {
				"north": {"uv": [0, 15, 16, 16], "texture": "#1"},
				"east": {"uv": [0, 0, 16, 16], "texture": "#2"},
				"south": {"uv": [0, 15, 16, 16], "texture": "#1"},
				"west": {"uv": [0, 0, 16, 16], "texture": "#1"},
				"up": {
					"uv": [0, 15, 16, 16],
					"texture": "#1",
					"rotation": 270
				},
				"down": {
					"uv": [0, 0, 16, 16],
					"texture": "#1",
					"rotation": 90
				}
			}
		},
		{
			"name": "cube",
			"from": [1, 1, 0.10000000000000142],
			"to": [15, 16, 1.1000000000000014],
			"faces": {
				"north": {"uv": [0, 0, 16, 16], "texture": "#1"},
				"east": {"uv": [10, 0, 11, 13], "texture": "#1"},
				"south": {"uv": [0, 0, 14, 13], "texture": "#2"},
				"west": {"uv": [10, 0, 11, 13], "texture": "#1"},
				"up": {"uv": [0, 0, 14, 1], "texture": "#1"},
				"down": {"uv": [2, 0, 16, 1], "texture": "#1"}
			}
		},
		{
			"name": "cube",
			"from": [4, 1, 4],
			"to": [6, 8, 6],
			"faces": {
				"north": {"uv": [1, 6, 3, 11], "texture": "#3"},
				"east": {"uv": [1, 6, 3, 11], "texture": "#3"},
				"south": {"uv": [1, 6, 3, 11], "texture": "#3"},
				"west": {"uv": [1, 6, 3, 11], "texture": "#3"},
				"up": {"uv": [1, 3, 3, 5], "texture": "#3"},
				"down": {"uv": [1, 6, 3, 11], "texture": "#3"}
			}
		},
		{
			"name": "cube",
			"from": [4, -1, 7],
			"to": [6, 12, 9],
			"rotation": {
				"angle": 22.5,
				"axis": "z",
				"origin": [5, 6, 8]
			},
			"faces": {
				"north": {"uv": [1, 6, 3, 11], "texture": "#3"},
				"east": {"uv": [1, 6, 3, 11], "texture": "#3"},
				"south": {"uv": [1, 6, 3, 11], "texture": "#3"},
				"west": {"uv": [1, 6, 3, 11], "texture": "#3"},
				"up": {"uv": [1, 3, 3, 5], "texture": "#3"},
				"down": {"uv": [1, 6, 3, 11], "texture": "#3"}
			}
		},
		{
			"name": "cube",
			"from": [4, 1, 10],
			"to": [6, 8, 12],
			"faces": {
				"north": {"uv": [1, 6, 3, 11], "texture": "#3"},
				"east": {"uv": [1, 6, 3, 11], "texture": "#3"},
				"south": {"uv": [1, 6, 3, 11], "texture": "#3"},
				"west": {"uv": [1, 6, 3, 11], "texture": "#3"},
				"up": {"uv": [1, 3, 3, 5], "texture": "#3"},
				"down": {"uv": [1, 6, 3, 11], "texture": "#3"}
			}
		},
		{
			"name": "cube",
			"from": [7, 0, 10],
			"to": [9, 12, 12],
			"rotation": {
				"angle": 22.5,
				"axis": "x",
				"origin": [8, 6, 11]
			},
			"faces": {
				"north": {"uv": [1, 6, 3, 11], "texture": "#3"},
				"east": {"uv": [1, 6, 3, 11], "texture": "#3"},
				"south": {"uv": [1, 6, 3, 11], "texture": "#3"},
				"west": {"uv": [1, 6, 3, 11], "texture": "#3"},
				"up": {"uv": [1, 3, 3, 5], "texture": "#3"},
				"down": {"uv": [1, 6, 3, 11], "texture": "#3"}
			}
		},
		{
			"name": "cube",
			"from": [10, 1, 10],
			"to": [12, 8, 12],
			"faces": {
				"north": {"uv": [1, 6, 3, 11], "texture": "#3"},
				"east": {"uv": [1, 6, 3, 11], "texture": "#3"},
				"south": {"uv": [1, 6, 3, 11], "texture": "#3"},
				"west": {"uv": [1, 6, 3, 11], "texture": "#3"},
				"up": {"uv": [1, 3, 3, 5], "texture": "#3"},
				"down": {"uv": [1, 6, 3, 11], "texture": "#3"}
			}
		},
		{
			"name": "cube",
			"from": [10, 0, 7],
			"to": [12, 12, 9],
			"rotation": {
				"angle": -22.5,
				"axis": "z",
				"origin": [11, 6, 8]
			},
			"faces": {
				"north": {"uv": [1, 6, 3, 11], "texture": "#3"},
				"east": {"uv": [1, 6, 3, 11], "texture": "#3"},
				"south": {"uv": [1, 6, 3, 11], "texture": "#3"},
				"west": {"uv": [1, 6, 3, 11], "texture": "#3"},
				"up": {"uv": [1, 3, 3, 5], "texture": "#3"},
				"down": {"uv": [1, 6, 3, 11], "texture": "#3"}
			}
		},
		{
			"name": "cube",
			"from": [10, 1, 4],
			"to": [12, 8, 6],
			"faces": {
				"north": {"uv": [1, 6, 3, 11], "texture": "#3"},
				"east": {"uv": [1, 6, 3, 11], "texture": "#3"},
				"south": {"uv": [1, 6, 3, 11], "texture": "#3"},
				"west": {"uv": [1, 6, 3, 11], "texture": "#3"},
				"up": {"uv": [1, 3, 3, 5], "texture": "#3"},
				"down": {"uv": [1, 6, 3, 11], "texture": "#3"}
			}
		},
		{
			"name": "cube",
			"from": [7, 0, 4],
			"to": [9, 12, 6],
			"rotation": {
				"angle": -22.5,
				"axis": "x",
				"origin": [8, 6, 5]
			},
			"faces": {
				"north": {"uv": [1, 6, 3, 11], "texture": "#3"},
				"east": {"uv": [1, 6, 3, 11], "texture": "#3"},
				"south": {"uv": [1, 6, 3, 11], "texture": "#3"},
				"west": {"uv": [1, 6, 3, 11], "texture": "#3"},
				"up": {"uv": [1, 3, 3, 5], "texture": "#3"},
				"down": {"uv": [1, 6, 3, 11], "texture": "#3"}
			}
		},
		{
			"name": "cube",
			"from": [3.950000000000001, 1, 3.950000000000001],
			"to": [12.05, 5, 12.05],
			"faces": {
				"north": {"uv": [7, 3, 11, 7], "texture": "#3"},
				"east": {"uv": [7, 3, 11, 7], "texture": "#3"},
				"south": {"uv": [7, 3, 11, 7], "texture": "#3"},
				"west": {"uv": [7, 3, 11, 7], "texture": "#3"},
				"up": {"uv": [7, 3, 11, 7], "texture": "#3"},
				"down": {"uv": [7, 3, 11, 7], "texture": "#3"}
			}
		},
		{
			"name": "cube",
			"from": [6.5, 11, 6.5],
			"to": [9.5, 14, 9.5],
			"faces": {
				"north": {"uv": [6, 5, 9, 8], "texture": "#4"},
				"east": {"uv": [6, 5, 9, 8], "texture": "#4"},
				"south": {"uv": [2, 1, 5, 4], "texture": "#4"},
				"west": {"uv": [6, 1, 9, 4], "texture": "#4"},
				"up": {"uv": [6, 1, 9, 4], "texture": "#4"},
				"down": {"uv": [7, 8, 9, 14], "texture": "#4"}
			}
		},
		{
			"name": "cube",
			"from": [5.950000000000001, 1, 5.950000000000001],
			"to": [10.05, 11, 10.05],
			"faces": {
				"north": {"uv": [7, 3, 11, 7], "texture": "#3"},
				"east": {"uv": [7, 3, 11, 7], "texture": "#3"},
				"south": {"uv": [7, 3, 11, 7], "texture": "#3"},
				"west": {"uv": [7, 3, 11, 7], "texture": "#3"},
				"up": {"uv": [7, 3, 11, 7], "texture": "#3"},
				"down": {"uv": [7, 3, 11, 7], "texture": "#3"}
			}
		}
	]
}